6213bc91840d46969a224f45,"{'pk': 40257121474, 'username': 'gitaquest', 'full_name': 'ùêÜùê¢ùê≠ùêö ùêêùêÆùêûùê¨ùê≠‚Ñ¢', 'is_private': False, 'profile_pic_url': 'https://scontent-hel3-1.cdninstagram.com/v/t51.2885-19/s150x150/134196426_160309815884832_6469587540294485564_n.jpg?_nc_ht=scontent-hel3-1.cdninstagram.com&_nc_cat=1&_nc_ohc=o1daKcw4R_AAX81GAGg&edm=ALB854YBAAAA&ccb=7-4&oh=00_AT9gNT6E3n1xRtzz1Ibumlaz_jpAtMQblaQFspEMoWw4TQ&oe=621B824C&_nc_sid=04cb80', 'profile_pic_id': '2477043781560462506_40257121474', 'is_verified': False, 'follow_friction_type': 0, 'has_anonymous_profile_picture': False, 'is_favorite': False, 'is_favorite_for_stories': False, 'is_favorite_for_igtv': False, 'is_favorite_for_clips': False, 'is_favorite_for_highlights': False, 'has_highlight_reels': False, 'latest_reel_media': 1645458283}",https://scontent-hel3-1.cdninstagram.com/v/t51.2885-19/s150x150/134196426_160309815884832_6469587540294485564_n.jpg?_nc_ht=scontent-hel3-1.cdninstagram.com&_nc_cat=1&_nc_ohc=o1daKcw4R_AAX81GAGg&edm=ALB854YBAAAA&ccb=7-4&oh=00_AT9gNT6E3n1xRtzz1Ibumlaz_jpAtMQblaQFspEMoWw4TQ&oe=621B824C&_nc_sid=04cb80,python.hub,followee,40257121474,gitaquest
6213bc91840d46969a224f46,"{'pk': 44666226144, 'username': 'ishvariya__khajana', 'full_name': 'Ishvariya Khajana', 'is_private': False, 'profile_pic_url': 'https://scontent-hel3-1.cdninstagram.com/v/t51.2885-19/s150x150/198314845_323340229286218_1147688387059011605_n.jpg?_nc_ht=scontent-hel3-1.cdninstagram.com&_nc_cat=110&_nc_ohc=2K75ktmTNIkAX_MYWmE&edm=ALB854YBAAAA&ccb=7-4&oh=00_AT9EUC8V9_PV5FlQTaYr16vOb9kKke7R3WCPLL6RmTgbig&oe=6219AC27&_nc_sid=04cb80', 'profile_pic_id': '2592294608872882873_44666226144', 'is_verified': False, 'follow_friction_type': 0, 'has_anonymous_profile_picture': False, 'is_favorite': False, 'is_favorite_for_stories': False, 'is_favorite_for_igtv': False, 'is_favorite_for_clips': False, 'is_favorite_for_highlights': False, 'has_highlight_reels': False, 'latest_reel_media': 0}",https://scontent-hel3-1.cdninstagram.com/v/t51.2885-19/s150x150/198314845_323340229286218_1147688387059011605_n.jpg?_nc_ht=scontent-hel3-1.cdninstagram.com&_nc_cat=110&_nc_ohc=2K75ktmTNIkAX_MYWmE&edm=ALB854YBAAAA&ccb=7-4&oh=00_AT9EUC8V9_PV5FlQTaYr16vOb9kKke7R3WCPLL6RmTgbig&oe=6219AC27&_nc_sid=04cb80,python.hub,followee,44666226144,ishvariya__khajana
6213bc91840d46969a224f47,"{'pk': 44449143050, 'username': 'jobinpocket', 'full_name': 'Job in PocketüöÄ', 'is_private': False, 'profile_pic_url': 'https://scontent-hel3-1.cdninstagram.com/v/t51.2885-19/261756623_2898592737097260_1734562822241477865_n.jpg?stp=dst-jpg_s150x150&_nc_ht=scontent-hel3-1.cdninstagram.com&_nc_cat=100&_nc_ohc=dP1jus21T60AX_QjQK6&edm=ALB854YBAAAA&ccb=7-4&oh=00_AT8Xhj-UBysiZazEyTxzJtWz8J9DIdkg-Vf5SFRjBDTxww&oe=6219F809&_nc_sid=04cb80', 'profile_pic_id': '2717161642005046442_44449143050', 'is_verified': False, 'follow_friction_type': 0, 'has_anonymous_profile_picture': False, 'is_favorite': False, 'is_favorite_for_stories': False, 'is_favorite_for_igtv': False, 'is_favorite_for_clips': False, 'is_favorite_for_highlights': False, 'has_highlight_reels': False, 'latest_reel_media': 0}",https://scontent-hel3-1.cdninstagram.com/v/t51.2885-19/261756623_2898592737097260_1734562822241477865_n.jpg?stp=dst-jpg_s150x150&_nc_ht=scontent-hel3-1.cdninstagram.com&_nc_cat=100&_nc_ohc=dP1jus21T60AX_QjQK6&edm=ALB854YBAAAA&ccb=7-4&oh=00_AT8Xhj-UBysiZazEyTxzJtWz8J9DIdkg-Vf5SFRjBDTxww&oe=6219F809&_nc_sid=04cb80,python.hub,followee,44449143050,jobinpocket
6213bc91840d46969a224f48,"{'pk': 254829833, 'username': 'abdevilliers17', 'full_name': 'AB de Villiers', 'is_private': False, 'profile_pic_url': 'https://scontent-hel3-1.cdninstagram.com/v/t51.2885-19/s150x150/120139738_658153101781695_8220752426310397527_n.jpg?_nc_ht=scontent-hel3-1.cdninstagram.com&_nc_cat=1&_nc_ohc=65zHmIxN5awAX_0snIa&edm=ALB854YBAAAA&ccb=7-4&oh=00_AT_jAiGsInhaxdJUqaiQfREhyYAAmFHCAHhq8lcQo0wJSQ&oe=621B855F&_nc_sid=04cb80', 'profile_pic_id': '2406668123802655912_254829833', 'is_verified': True, 'follow_friction_type': 0, 'has_anonymous_profile_picture': False, 'is_favorite': False, 'is_favorite_for_stories': False, 'is_favorite_for_igtv': False, 'is_favorite_for_clips': False, 'is_favorite_for_highlights': False, 'has_highlight_reels': False, 'latest_reel_media': 0}",https://scontent-hel3-1.cdninstagram.com/v/t51.2885-19/s150x150/120139738_658153101781695_8220752426310397527_n.jpg?_nc_ht=scontent-hel3-1.cdninstagram.com&_nc_cat=1&_nc_ohc=65zHmIxN5awAX_0snIa&edm=ALB854YBAAAA&ccb=7-4&oh=00_AT_jAiGsInhaxdJUqaiQfREhyYAAmFHCAHhq8lcQo0wJSQ&oe=621B855F&_nc_sid=04cb80,python.hub,followee,254829833,abdevilliers17
6213bc91840d46969a224f49,"{'pk': 318848505, 'username': 'blackcapsnz', 'full_name': 'BLACKCAPS', 'is_private': False, 'profile_pic_url': 'https://scontent-hel3-1.cdninstagram.com/v/t51.2885-19/15539016_361100244270453_7421239828588527616_a.jpg?stp=dst-jpg_s150x150&_nc_ht=scontent-hel3-1.cdninstagram.com&_nc_cat=1&_nc_ohc=gX4G-1TEprIAX8473wy&edm=ALB854YBAAAA&ccb=7-4&oh=00_AT_ezr2bkpH79yFnqZtElEaZsQc_0MMJCF5Adn_KiFe-qw&oe=621B57B1&_nc_sid=04cb80', 'profile_pic_id': '1409758165041428778_318848505', 'is_verified': True, 'follow_friction_type': 0, 'has_anonymous_profile_picture': False, 'is_favorite': False, 'is_favorite_for_stories': False, 'is_favorite_for_igtv': False, 'is_favorite_for_clips': False, 'is_favorite_for_highlights': False, 'has_highlight_reels': False, 'latest_reel_media': 0}",https://scontent-hel3-1.cdninstagram.com/v/t51.2885-19/15539016_361100244270453_7421239828588527616_a.jpg?stp=dst-jpg_s150x150&_nc_ht=scontent-hel3-1.cdninstagram.com&_nc_cat=1&_nc_ohc=gX4G-1TEprIAX8473wy&edm=ALB854YBAAAA&ccb=7-4&oh=00_AT_ezr2bkpH79yFnqZtElEaZsQc_0MMJCF5Adn_KiFe-qw&oe=621B57B1&_nc_sid=04cb80,python.hub,followee,318848505,blackcapsnz
6213bc91840d46969a224f4a,"{'pk': 15683723164, 'username': 'brahmakumaris_mainpuri', 'full_name': 'Brahma Kumaris Mainpuri', 'is_private': False, 'profile_pic_url': 'https://scontent-hel3-1.cdninstagram.com/v/t51.2885-19/118239358_188348045985950_16436042937944053_n.jpg?stp=dst-jpg_s150x150&_nc_ht=scontent-hel3-1.cdninstagram.com&_nc_cat=102&_nc_ohc=La9t6BaQD78AX9R3zxO&edm=ALB854YBAAAA&ccb=7-4&oh=00_AT9odf5kDCXCI1pzSu-R7uJOnMLWJdltyXDbxZ_KY6440Q&oe=621B862F&_nc_sid=04cb80', 'profile_pic_id': '2385360765439145660_15683723164', 'is_verified': False, 'follow_friction_type': 0, 'has_anonymous_profile_picture': False, 'is_favorite': False, 'is_favorite_for_stories': False, 'is_favorite_for_igtv': False, 'is_favorite_for_clips': False, 'is_favorite_for_highlights': False, 'has_highlight_reels': False, 'latest_reel_media': 0}",https://scontent-hel3-1.cdninstagram.com/v/t51.2885-19/118239358_188348045985950_16436042937944053_n.jpg?stp=dst-jpg_s150x150&_nc_ht=scontent-hel3-1.cdninstagram.com&_nc_cat=102&_nc_ohc=La9t6BaQD78AX9R3zxO&edm=ALB854YBAAAA&ccb=7-4&oh=00_AT9odf5kDCXCI1pzSu-R7uJOnMLWJdltyXDbxZ_KY6440Q&oe=621B862F&_nc_sid=04cb80,python.hub,followee,15683723164,brahmakumaris_mainpuri
6213bc91840d46969a224f4b,"{'pk': 28204616613, 'username': 'brahmakumaris_canada', 'full_name': 'Brahma Kumaris Canada', 'is_private': False, 'profile_pic_url': 'https://scontent-hel3-1.cdninstagram.com/v/t51.2885-19/s150x150/80773629_478143179757499_8562634040404869120_n.jpg?_nc_ht=scontent-hel3-1.cdninstagram.com&_nc_cat=107&_nc_ohc=XwO90uzIEyAAX9HCXeC&edm=ALB854YBAAAA&ccb=7-4&oh=00_AT8cHPS6AwSh8ilQ4FxUQUO75K4N-TTpDniPWnhEMY38gw&oe=6219E93C&_nc_sid=04cb80', 'profile_pic_id': '2222799019520575765_28204616613', 'is_verified': False, 'follow_friction_type': 0, 'has_anonymous_profile_picture': False, 'is_favorite': False, 'is_favorite_for_stories': False, 'is_favorite_for_igtv': False, 'is_favorite_for_clips': False, 'is_favorite_for_highlights': False, 'has_highlight_reels': False, 'latest_reel_media': 0}",https://scontent-hel3-1.cdninstagram.com/v/t51.2885-19/s150x150/80773629_478143179757499_8562634040404869120_n.jpg?_nc_ht=scontent-hel3-1.cdninstagram.com&_nc_cat=107&_nc_ohc=XwO90uzIEyAAX9HCXeC&edm=ALB854YBAAAA&ccb=7-4&oh=00_AT8cHPS6AwSh8ilQ4FxUQUO75K4N-TTpDniPWnhEMY38gw&oe=6219E93C&_nc_sid=04cb80,python.hub,followee,28204616613,brahmakumaris_canada
6213bc91840d46969a224f4c,"{'pk': 33178991621, 'username': 'bksapnameditation', 'full_name': 'Brahma Kumari Sapna Delhi', 'is_private': False, 'profile_pic_url': 'https://scontent-hel3-1.cdninstagram.com/v/t51.2885-19/s150x150/92302516_264974541200981_393347523172892672_n.jpg?_nc_ht=scontent-hel3-1.cdninstagram.com&_nc_cat=105&_nc_ohc=fnsGLaZgLKMAX-zMqGV&edm=ALB854YBAAAA&ccb=7-4&oh=00_AT-ZOrNjPt8-L7gfo-WlvAEwzZAdJ53QnVRmjVn_7XEg-Q&oe=621ABDBE&_nc_sid=04cb80', 'profile_pic_id': '2283267989832820980_33178991621', 'is_verified': False, 'follow_friction_type': 0, 'has_anonymous_profile_picture': False, 'is_favorite': False, 'is_favorite_for_stories': False, 'is_favorite_for_igtv': False, 'is_favorite_for_clips': False, 'is_favorite_for_highlights': False, 'has_highlight_reels': False, 'latest_reel_media': 0}",https://scontent-hel3-1.cdninstagram.com/v/t51.2885-19/s150x150/92302516_264974541200981_393347523172892672_n.jpg?_nc_ht=scontent-hel3-1.cdninstagram.com&_nc_cat=105&_nc_ohc=fnsGLaZgLKMAX-zMqGV&edm=ALB854YBAAAA&ccb=7-4&oh=00_AT-ZOrNjPt8-L7gfo-WlvAEwzZAdJ53QnVRmjVn_7XEg-Q&oe=621ABDBE&_nc_sid=04cb80,python.hub,followee,33178991621,bksapnameditation
6213bc91840d46969a224f4d,"{'pk': 8011803061, 'username': 'brahma_kumaris_brighton', 'full_name': 'Brahma kumaris Brighton', 'is_private': False, 'profile_pic_url': 'https://scontent-hel3-1.cdninstagram.com/v/t51.2885-19/s150x150/34593070_319876685217836_8062390360397053952_n.jpg?_nc_ht=scontent-hel3-1.cdninstagram.com&_nc_cat=108&_nc_ohc=0IZaDsBMMK8AX-Naacf&edm=ALB854YBAAAA&ccb=7-4&oh=00_AT-hwmo1tyfxgO_VberlBhcFYqW-ily7WskVXgvft0VuDw&oe=621B6695&_nc_sid=04cb80', 'profile_pic_id': '1801494908127589109_8011803061', 'is_verified': False, 'follow_friction_type': 0, 'has_anonymous_profile_picture': False, 'is_favorite': False, 'is_favorite_for_stories': False, 'is_favorite_for_igtv': False, 'is_favorite_for_clips': False, 'is_favorite_for_highlights': False, 'has_highlight_reels': False, 'latest_reel_media': 0}",https://scontent-hel3-1.cdninstagram.com/v/t51.2885-19/s150x150/34593070_319876685217836_8062390360397053952_n.jpg?_nc_ht=scontent-hel3-1.cdninstagram.com&_nc_cat=108&_nc_ohc=0IZaDsBMMK8AX-Naacf&edm=ALB854YBAAAA&ccb=7-4&oh=00_AT-hwmo1tyfxgO_VberlBhcFYqW-ily7WskVXgvft0VuDw&oe=621B6695&_nc_sid=04cb80,python.hub,followee,8011803061,brahma_kumaris_brighton
6213bc91840d46969a224f4e,"{'pk': 25748193952, 'username': 'brahmakumaris1', 'full_name': 'Brahma Kumaris', 'is_private': False, 'profile_pic_url': 'https://scontent-hel3-1.cdninstagram.com/v/t51.2885-19/s150x150/271906690_230649619224286_1414574090135579748_n.jpg?_nc_ht=scontent-hel3-1.cdninstagram.com&_nc_cat=110&_nc_ohc=J1ipOm9B0ogAX9sFYGy&edm=ALB854YBAAAA&ccb=7-4&oh=00_AT_ITZn-WV53IlQjBGIOVxqsgr4BOAWvgkphNQBuQgK1Hg&oe=6219BF90&_nc_sid=04cb80', 'profile_pic_id': '2752490641018935920_25748193952', 'is_verified': False, 'follow_friction_type': 0, 'has_anonymous_profile_picture': False, 'is_favorite': False, 'is_favorite_for_stories': False, 'is_favorite_for_igtv': False, 'is_favorite_for_clips': False, 'is_favorite_for_highlights': False, 'has_highlight_reels': False, 'latest_reel_media': 1645436463}",https://scontent-hel3-1.cdninstagram.com/v/t51.2885-19/s150x150/271906690_230649619224286_1414574090135579748_n.jpg?_nc_ht=scontent-hel3-1.cdninstagram.com&_nc_cat=110&_nc_ohc=J1ipOm9B0ogAX9sFYGy&edm=ALB854YBAAAA&ccb=7-4&oh=00_AT_ITZn-WV53IlQjBGIOVxqsgr4BOAWvgkphNQBuQgK1Hg&oe=6219BF90&_nc_sid=04cb80,python.hub,followee,25748193952,brahmakumaris1
6213bc91840d46969a224f4f,"{'pk': 14235731999, 'username': 'ecobrahmakumaris', 'full_name': 'BK Environment Initiative', 'is_private': False, 'profile_pic_url': 'https://scontent-hel3-1.cdninstagram.com/v/t51.2885-19/101167879_704136683695177_3664279021056688128_n.jpg?stp=dst-jpg_s150x150&_nc_ht=scontent-hel3-1.cdninstagram.com&_nc_cat=101&_nc_ohc=avOHxNDoitQAX98fJCK&edm=ALB854YBAAAA&ccb=7-4&oh=00_AT8nhQCpX85y2reDVkucDfjCpx6H9hYfpPutih5r9Oc5lw&oe=621A1C48&_nc_sid=04cb80', 'profile_pic_id': '2320758531298748223_14235731999', 'is_verified': False, 'follow_friction_type': 0, 'has_anonymous_profile_picture': False, 'is_favorite': False, 'is_favorite_for_stories': False, 'is_favorite_for_igtv': False, 'is_favorite_for_clips': False, 'is_favorite_for_highlights': False, 'has_highlight_reels': False, 'latest_reel_media': 0}",https://scontent-hel3-1.cdninstagram.com/v/t51.2885-19/101167879_704136683695177_3664279021056688128_n.jpg?stp=dst-jpg_s150x150&_nc_ht=scontent-hel3-1.cdninstagram.com&_nc_cat=101&_nc_ohc=avOHxNDoitQAX98fJCK&edm=ALB854YBAAAA&ccb=7-4&oh=00_AT8nhQCpX85y2reDVkucDfjCpx6H9hYfpPutih5r9Oc5lw&oe=621A1C48&_nc_sid=04cb80,python.hub,followee,14235731999,ecobrahmakumaris
6213bc91840d46969a224f50,"{'pk': 42275408555, 'username': 'avyakt_bapdada', 'full_name': 'Avyakt Bapdada', 'is_private': False, 'profile_pic_url': 'https://scontent-hel3-1.cdninstagram.com/v/t51.2885-19/119363181_116855426658575_7357801335464617027_n.jpg?stp=dst-jpg_s150x150&_nc_ht=scontent-hel3-1.cdninstagram.com&_nc_cat=111&_nc_ohc=bJKDc9q-J6EAX9aXz7Q&edm=ALB854YBAAAA&ccb=7-4&oh=00_AT9RF5aMpsfcG4SoA71EQKtKtHFD719FvaecEVfRq87Nng&oe=621A4E9A&_nc_sid=04cb80', 'profile_pic_id': '2399263544905239519_42275408555', 'is_verified': False, 'follow_friction_type': 0, 'has_anonymous_profile_picture': False, 'is_favorite': False, 'is_favorite_for_stories': False, 'is_favorite_for_igtv': False, 'is_favorite_for_clips': False, 'is_favorite_for_highlights': False, 'has_highlight_reels': False, 'latest_reel_media': 1645454675}",https://scontent-hel3-1.cdninstagram.com/v/t51.2885-19/119363181_116855426658575_7357801335464617027_n.jpg?stp=dst-jpg_s150x150&_nc_ht=scontent-hel3-1.cdninstagram.com&_nc_cat=111&_nc_ohc=bJKDc9q-J6EAX9aXz7Q&edm=ALB854YBAAAA&ccb=7-4&oh=00_AT9RF5aMpsfcG4SoA71EQKtKtHFD719FvaecEVfRq87Nng&oe=621A4E9A&_nc_sid=04cb80,python.hub,followee,42275408555,avyakt_bapdada
6213bc93840d46969a224f51,"{'pk': 6807298763, 'username': 'micahcriddle', 'full_name': 'Micah', 'is_private': True, 'profile_pic_url': 'https://scontent-hel3-1.cdninstagram.com/v/t51.2885-19/240460073_186238256787349_2596344363693420806_n.jpg?stp=dst-jpg_s150x150&_nc_ht=scontent-hel3-1.cdninstagram.com&_nc_cat=101&_nc_ohc=nXln-LTbTzIAX8eMsiM&edm=APQMUHMBAAAA&ccb=7-4&oh=00_AT-alTz7Wsc5iQQyxXKIYFu_oVhJZG3VE5zCfW8ALR_amQ&oe=621B6F7D&_nc_sid=e5d0a6', 'profile_pic_id': '2646197213095671356_6807298763', 'is_verified': False, 'follow_friction_type': 0, 'has_anonymous_profile_picture': False, 'is_favorite': False, 'is_favorite_for_stories': False, 'is_favorite_for_igtv': False, 'is_favorite_for_clips': False, 'is_favorite_for_highlights': False, 'has_highlight_reels': False, 'latest_reel_media': 0}",https://scontent-hel3-1.cdninstagram.com/v/t51.2885-19/240460073_186238256787349_2596344363693420806_n.jpg?stp=dst-jpg_s150x150&_nc_ht=scontent-hel3-1.cdninstagram.com&_nc_cat=101&_nc_ohc=nXln-LTbTzIAX8eMsiM&edm=APQMUHMBAAAA&ccb=7-4&oh=00_AT-alTz7Wsc5iQQyxXKIYFu_oVhJZG3VE5zCfW8ALR_amQ&oe=621B6F7D&_nc_sid=e5d0a6,python.hub,follower,6807298763,micahcriddle
6213bc93840d46969a224f52,"{'pk': 50094386321, 'username': 'tinkynaik', 'full_name': 'Tinky naik', 'is_private': True, 'profile_pic_url': 'https://scontent-hel3-1.cdninstagram.com/v/t51.2885-19/273618879_340017444664234_4968185721021698195_n.jpg?stp=dst-jpg_s150x150&_nc_ht=scontent-hel3-1.cdninstagram.com&_nc_cat=110&_nc_ohc=Nv1HHnex418AX_dkiNz&edm=APQMUHMBAAAA&ccb=7-4&oh=00_AT8b1fmLaov_pDuyUI9RTjCVDGj2BNOiuIuDt5ESXyNe3g&oe=6219E05B&_nc_sid=e5d0a6', 'profile_pic_id': '2771076982090204116_50094386321', 'is_verified': False, 'follow_friction_type': 0, 'has_anonymous_profile_picture': False, 'is_favorite': False, 'is_favorite_for_stories': False, 'is_favorite_for_igtv': False, 'is_favorite_for_clips': False, 'is_favorite_for_highlights': False, 'has_highlight_reels': False, 'latest_reel_media': 0}",https://scontent-hel3-1.cdninstagram.com/v/t51.2885-19/273618879_340017444664234_4968185721021698195_n.jpg?stp=dst-jpg_s150x150&_nc_ht=scontent-hel3-1.cdninstagram.com&_nc_cat=110&_nc_ohc=Nv1HHnex418AX_dkiNz&edm=APQMUHMBAAAA&ccb=7-4&oh=00_AT8b1fmLaov_pDuyUI9RTjCVDGj2BNOiuIuDt5ESXyNe3g&oe=6219E05B&_nc_sid=e5d0a6,python.hub,follower,50094386321,tinkynaik
6213bc93840d46969a224f53,"{'pk': 5625614405, 'username': 'hrt_hacker_saba', 'full_name': 'S‡∏™b‡∏™‚Ñùi', 'is_private': False, 'profile_pic_url': 'https://scontent-hel3-1.cdninstagram.com/v/t51.2885-19/s150x150/213676831_195637932501458_4776703784970966711_n.jpg?_nc_ht=scontent-hel3-1.cdninstagram.com&_nc_cat=102&_nc_ohc=zAVvdpSTMp4AX8foY0L&edm=APQMUHMBAAAA&ccb=7-4&oh=00_AT9zQsA1K1Lvcts6Q7ZWlEGkrE358RuLuqAJgq4c_2XP9A&oe=6219B3B2&_nc_sid=e5d0a6', 'profile_pic_id': '2616329814240239728_5625614405', 'is_verified': False, 'follow_friction_type': 0, 'has_anonymous_profile_picture': False, 'is_favorite': False, 'is_favorite_for_stories': False, 'is_favorite_for_igtv': False, 'is_favorite_for_clips': False, 'is_favorite_for_highlights': False, 'has_highlight_reels': False, 'latest_reel_media': 0}",https://scontent-hel3-1.cdninstagram.com/v/t51.2885-19/s150x150/213676831_195637932501458_4776703784970966711_n.jpg?_nc_ht=scontent-hel3-1.cdninstagram.com&_nc_cat=102&_nc_ohc=zAVvdpSTMp4AX8foY0L&edm=APQMUHMBAAAA&ccb=7-4&oh=00_AT9zQsA1K1Lvcts6Q7ZWlEGkrE358RuLuqAJgq4c_2XP9A&oe=6219B3B2&_nc_sid=e5d0a6,python.hub,follower,5625614405,hrt_hacker_saba
6213bc93840d46969a224f54,"{'pk': 1682604729, 'username': 'mdonald980', 'full_name': 'Joseph Jain', 'is_private': False, 'profile_pic_url': 'https://scontent-hel3-1.cdninstagram.com/v/t51.2885-19/927356_853305278063620_1357158006_a.jpg?_nc_ht=scontent-hel3-1.cdninstagram.com&_nc_cat=104&_nc_ohc=4VKQk8FZXhQAX8rb1lq&edm=APQMUHMBAAAA&ccb=7-4&oh=00_AT9Dx_fqhNgRpm_SOuCArC0ajvbX-lkpTy2E4tgBh_pb9g&oe=621A9904&_nc_sid=e5d0a6', 'is_verified': False, 'follow_friction_type': 0, 'has_anonymous_profile_picture': False, 'is_favorite': False, 'is_favorite_for_stories': False, 'is_favorite_for_igtv': False, 'is_favorite_for_clips': False, 'is_favorite_for_highlights': False, 'has_highlight_reels': False, 'latest_reel_media': 0}",https://scontent-hel3-1.cdninstagram.com/v/t51.2885-19/927356_853305278063620_1357158006_a.jpg?_nc_ht=scontent-hel3-1.cdninstagram.com&_nc_cat=104&_nc_ohc=4VKQk8FZXhQAX8rb1lq&edm=APQMUHMBAAAA&ccb=7-4&oh=00_AT9Dx_fqhNgRpm_SOuCArC0ajvbX-lkpTy2E4tgBh_pb9g&oe=621A9904&_nc_sid=e5d0a6,python.hub,follower,1682604729,mdonald980
6213bc93840d46969a224f55,"{'pk': 7237339642, 'username': 'm.vinicius.av', 'full_name': 'Marcos Vinicius', 'is_private': False, 'profile_pic_url': 'https://scontent-hel3-1.cdninstagram.com/v/t51.2885-19/260714371_858579858148178_4461199818709813506_n.jpg?stp=dst-jpg_s150x150&_nc_ht=scontent-hel3-1.cdninstagram.com&_nc_cat=102&_nc_ohc=WLzcpP-QriIAX-a9BXr&edm=APQMUHMBAAAA&ccb=7-4&oh=00_AT9lHzDWAcCJIuSRBBTcZBq4dZcNMgM5e8QY6VBx_mLGbg&oe=621B9EB9&_nc_sid=e5d0a6', 'profile_pic_id': '2715524213282692319_7237339642', 'is_verified': False, 'follow_friction_type': 0, 'has_anonymous_profile_picture': False, 'is_favorite': False, 'is_favorite_for_stories': False, 'is_favorite_for_igtv': False, 'is_favorite_for_clips': False, 'is_favorite_for_highlights': False, 'has_highlight_reels': False, 'latest_reel_media': 0}",https://scontent-hel3-1.cdninstagram.com/v/t51.2885-19/260714371_858579858148178_4461199818709813506_n.jpg?stp=dst-jpg_s150x150&_nc_ht=scontent-hel3-1.cdninstagram.com&_nc_cat=102&_nc_ohc=WLzcpP-QriIAX-a9BXr&edm=APQMUHMBAAAA&ccb=7-4&oh=00_AT9lHzDWAcCJIuSRBBTcZBq4dZcNMgM5e8QY6VBx_mLGbg&oe=621B9EB9&_nc_sid=e5d0a6,python.hub,follower,7237339642,m.vinicius.av
6213bc93840d46969a224f56,"{'pk': 39422271211, 'username': '___pavan_____________', 'full_name': 'Pavan Kalyan', 'is_private': False, 'profile_pic_url': 'https://scontent-hel3-1.cdninstagram.com/v/t51.2885-19/222889987_865353017519862_8473654263045775558_n.jpg?stp=dst-jpg_s150x150&_nc_ht=scontent-hel3-1.cdninstagram.com&_nc_cat=106&_nc_ohc=KFrJ5CVgGQQAX_goIFR&edm=APQMUHMBAAAA&ccb=7-4&oh=00_AT-KIMlKCaYzubuk51iw5cyBW9Tqfmz6dBe4a0ZDshqA-A&oe=621A3C66&_nc_sid=e5d0a6', 'profile_pic_id': '2625690203589867027_39422271211', 'is_verified': False, 'follow_friction_type': 0, 'has_anonymous_profile_picture': False, 'is_favorite': False, 'is_favorite_for_stories': False, 'is_favorite_for_igtv': False, 'is_favorite_for_clips': False, 'is_favorite_for_highlights': False, 'has_highlight_reels': False, 'latest_reel_media': 1645377464}",https://scontent-hel3-1.cdninstagram.com/v/t51.2885-19/222889987_865353017519862_8473654263045775558_n.jpg?stp=dst-jpg_s150x150&_nc_ht=scontent-hel3-1.cdninstagram.com&_nc_cat=106&_nc_ohc=KFrJ5CVgGQQAX_goIFR&edm=APQMUHMBAAAA&ccb=7-4&oh=00_AT-KIMlKCaYzubuk51iw5cyBW9Tqfmz6dBe4a0ZDshqA-A&oe=621A3C66&_nc_sid=e5d0a6,python.hub,follower,39422271211,___pavan_____________
6213bc93840d46969a224f57,"{'pk': 14053000859, 'username': '__.tekas.__', 'full_name': 'Saket Singh Thakur', 'is_private': True, 'profile_pic_url': 'https://scontent-hel3-1.cdninstagram.com/v/t51.2885-19/274001608_2227200127437525_5379844602498680616_n.jpg?stp=dst-jpg_s150x150&_nc_ht=scontent-hel3-1.cdninstagram.com&_nc_cat=109&_nc_ohc=jJCunku1SrgAX90wHrM&edm=APQMUHMBAAAA&ccb=7-4&oh=00_AT9VP_gA8VrHernPYl6oB70Umi5DO46_XmjMZYUldd5rBg&oe=621A48F0&_nc_sid=e5d0a6', 'profile_pic_id': '2775041204933627750_14053000859', 'is_verified': False, 'follow_friction_type': 0, 'has_anonymous_profile_picture': False, 'is_favorite': False, 'is_favorite_for_stories': False, 'is_favorite_for_igtv': False, 'is_favorite_for_clips': False, 'is_favorite_for_highlights': False, 'has_highlight_reels': False, 'latest_reel_media': 0}",https://scontent-hel3-1.cdninstagram.com/v/t51.2885-19/274001608_2227200127437525_5379844602498680616_n.jpg?stp=dst-jpg_s150x150&_nc_ht=scontent-hel3-1.cdninstagram.com&_nc_cat=109&_nc_ohc=jJCunku1SrgAX90wHrM&edm=APQMUHMBAAAA&ccb=7-4&oh=00_AT9VP_gA8VrHernPYl6oB70Umi5DO46_XmjMZYUldd5rBg&oe=621A48F0&_nc_sid=e5d0a6,python.hub,follower,14053000859,__.tekas.__
6213bc93840d46969a224f58,"{'pk': 45133684433, 'username': 'surendra.5591', 'full_name': 'surendra reddy', 'is_private': True, 'profile_pic_url': 'https://scontent-hel3-1.cdninstagram.com/v/t51.2885-19/s150x150/246531929_1302799510154340_1431587866173988344_n.jpg?_nc_ht=scontent-hel3-1.cdninstagram.com&_nc_cat=100&_nc_ohc=YR-HxPXkTtQAX-G4c1s&edm=APQMUHMBAAAA&ccb=7-4&oh=00_AT-ERfZlJpEJAlhgaDVVtKUka_xfY9EnatHNoF19CmXAxQ&oe=621AD835&_nc_sid=e5d0a6', 'profile_pic_id': '2687940387211887454_45133684433', 'is_verified': False, 'follow_friction_type': 0, 'has_anonymous_profile_picture': False, 'is_favorite': False, 'is_favorite_for_stories': False, 'is_favorite_for_igtv': False, 'is_favorite_for_clips': False, 'is_favorite_for_highlights': False, 'has_highlight_reels': False, 'latest_reel_media': 0}",https://scontent-hel3-1.cdninstagram.com/v/t51.2885-19/s150x150/246531929_1302799510154340_1431587866173988344_n.jpg?_nc_ht=scontent-hel3-1.cdninstagram.com&_nc_cat=100&_nc_ohc=YR-HxPXkTtQAX-G4c1s&edm=APQMUHMBAAAA&ccb=7-4&oh=00_AT-ERfZlJpEJAlhgaDVVtKUka_xfY9EnatHNoF19CmXAxQ&oe=621AD835&_nc_sid=e5d0a6,python.hub,follower,45133684433,surendra.5591
